company_name,member_id,profile_url,source,scraped_date
A & One Precision Engineering Pte Ltd,1390324,https://speta.org/membership-directory/corporate/1390324#page-member-ajax,SPETA Corporate Directory,2026-01-14
ABB Pte Ltd,1390325,https://speta.org/membership-directory/corporate/1390325#page-member-ajax,SPETA Corporate Directory,2026-01-14
ABRASIVE ENGINEERING PTE LTD,1390326,https://speta.org/membership-directory/corporate/1390326#page-member-ajax,SPETA Corporate Directory,2026-01-14
ACCURON TECHNOLOGIES,1390327,https://speta.org/membership-directory/corporate/1390327#page-member-ajax,SPETA Corporate Directory,2026-01-14
Accusys Pte Ltd,2067312,https://speta.org/membership-directory/corporate/2067312#page-member-ajax,SPETA Corporate Directory,2026-01-14
Achromaz Pte Ltd,1401250,https://speta.org/membership-directory/corporate/1401250#page-member-ajax,SPETA Corporate Directory,2026-01-14
ACP Metal Finishing Pte Ltd,1390328,https://speta.org/membership-directory/corporate/1390328#page-member-ajax,SPETA Corporate Directory,2026-01-14
Adspark Technologies Pte Ltd,1390330,https://speta.org/membership-directory/corporate/1390330#page-member-ajax,SPETA Corporate Directory,2026-01-14
ADVANCE MATERIALS SUPPLIES PTE LTD,1661897,https://speta.org/membership-directory/corporate/1661897#page-member-ajax,SPETA Corporate Directory,2026-01-14
Advance Process Technologies Pte Ltd,1390331,https://speta.org/membership-directory/corporate/1390331#page-member-ajax,SPETA Corporate Directory,2026-01-14
Aetos Integrated Solutions Pte Ltd,1401251,https://speta.org/membership-directory/corporate/1401251#page-member-ajax,SPETA Corporate Directory,2026-01-14
AEyeMynd Pte. Ltd.,2081835,https://speta.org/membership-directory/corporate/2081835#page-member-ajax,SPETA Corporate Directory,2026-01-14
AGTRONZ PTE. LTD.,2173513,https://speta.org/membership-directory/corporate/2173513#page-member-ajax,SPETA Corporate Directory,2026-01-14
Aik Huat Precision Tools Pte Ltd,1390332,https://speta.org/membership-directory/corporate/1390332#page-member-ajax,SPETA Corporate Directory,2026-01-14
Aishmo Machine Tools Pte Ltd,1392704,https://speta.org/membership-directory/corporate/1392704#page-member-ajax,SPETA Corporate Directory,2026-01-14
AISHMO PRECISION TOOLS PTE LTD,2205931,https://speta.org/membership-directory/corporate/2205931#page-member-ajax,SPETA Corporate Directory,2026-01-14
Akiteck International Pte Ltd,1994170,https://speta.org/membership-directory/corporate/1994170#page-member-ajax,SPETA Corporate Directory,2026-01-14
Akribis Systems Pte Ltd,1392705,https://speta.org/membership-directory/corporate/1392705#page-member-ajax,SPETA Corporate Directory,2026-01-14
Alitec Pte Ltd,2227139,https://speta.org/membership-directory/corporate/2227139#page-member-ajax,SPETA Corporate Directory,2026-01-14
All Marketing Pte Ltd,2002410,https://speta.org/membership-directory/corporate/2002410#page-member-ajax,SPETA Corporate Directory,2026-01-14
Aluputer Industrial Pte Ltd,1392707,https://speta.org/membership-directory/corporate/1392707#page-member-ajax,SPETA Corporate Directory,2026-01-14
AMAX Precision (S) Pte Ltd,1392708,https://speta.org/membership-directory/corporate/1392708#page-member-ajax,SPETA Corporate Directory,2026-01-14
AMAZON WEB SERVICES SINGAPORE PTE LTD,1989183,https://speta.org/membership-directory/corporate/1989183#page-member-ajax,SPETA Corporate Directory,2026-01-14
AME International Pte Ltd,1392709,https://speta.org/membership-directory/corporate/1392709#page-member-ajax,SPETA Corporate Directory,2026-01-14
AME Synthesis Pte Ltd,1392710,https://speta.org/membership-directory/corporate/1392710#page-member-ajax,SPETA Corporate Directory,2026-01-14
AMT Pte Ltd,1392711,https://speta.org/membership-directory/corporate/1392711#page-member-ajax,SPETA Corporate Directory,2026-01-14
Anewtech Systems Pte Ltd,1440045,https://speta.org/membership-directory/corporate/1440045#page-member-ajax,SPETA Corporate Directory,2026-01-14
APP Systems Services Pte Ltd,2771369,https://speta.org/membership-directory/corporate/2771369#page-member-ajax,SPETA Corporate Directory,2026-01-14
Applied Total Control Treatment Pte Ltd,1392713,https://speta.org/membership-directory/corporate/1392713#page-member-ajax,SPETA Corporate Directory,2026-01-14
Aquapro Solutions Pte Ltd,1394895,https://speta.org/membership-directory/corporate/1394895#page-member-ajax,SPETA Corporate Directory,2026-01-14
ARBURG Pte Ltd,1394896,https://speta.org/membership-directory/corporate/1394896#page-member-ajax,SPETA Corporate Directory,2026-01-14
Armstrong Industrial Corp. Ltd,1394897,https://speta.org/membership-directory/corporate/1394897#page-member-ajax,SPETA Corporate Directory,2026-01-14
Asia Supply Trading Pte Ltd,1394901,https://speta.org/membership-directory/corporate/1394901#page-member-ajax,SPETA Corporate Directory,2026-01-14
Astech Pte Ltd,1394902,https://speta.org/membership-directory/corporate/1394902#page-member-ajax,SPETA Corporate Directory,2026-01-14
ASTRONIX PTE. LTD.,2426927,https://speta.org/membership-directory/corporate/2426927#page-member-ajax,SPETA Corporate Directory,2026-01-14
ATS Applied Tech Systems Pte Ltd,1394903,https://speta.org/membership-directory/corporate/1394903#page-member-ajax,SPETA Corporate Directory,2026-01-14
AUTEC SOLUTIONS PTE LTD,2281133,https://speta.org/membership-directory/corporate/2281133#page-member-ajax,SPETA Corporate Directory,2026-01-14
Avi-Tech Electronics Pte Ltd,1994157,https://speta.org/membership-directory/corporate/1994157#page-member-ajax,SPETA Corporate Directory,2026-01-14
AVIMAC PTE LTD,2948612,https://speta.org/membership-directory/corporate/2948612#page-member-ajax,SPETA Corporate Directory,2026-01-14
BALLUFF ASIA PTE LTD,1727521,https://speta.org/membership-directory/corporate/1727521#page-member-ajax,SPETA Corporate Directory,2026-01-14
BANSHING INDUSTRIAL CO (PTE) LTD,1395062,https://speta.org/membership-directory/corporate/1395062#page-member-ajax,SPETA Corporate Directory,2026-01-14
Baoxin International Limited Partnership,1942045,https://speta.org/membership-directory/corporate/1942045#page-member-ajax,SPETA Corporate Directory,2026-01-14
Beng Chuan Machine Pte Ltd,1903597,https://speta.org/membership-directory/corporate/1903597#page-member-ajax,SPETA Corporate Directory,2026-01-14
Beril Engineering (S) Pte Ltd,1440042,https://speta.org/membership-directory/corporate/1440042#page-member-ajax,SPETA Corporate Directory,2026-01-14
Beyonics International Pte Ltd,1424683,https://speta.org/membership-directory/corporate/1424683#page-member-ajax,SPETA Corporate Directory,2026-01-14
BLASER SWISSLUBE (S) PTE LTD,1401245,https://speta.org/membership-directory/corporate/1401245#page-member-ajax,SPETA Corporate Directory,2026-01-14
Blum Production Metrology Pte Ltd,1395066,https://speta.org/membership-directory/corporate/1395066#page-member-ajax,SPETA Corporate Directory,2026-01-14
Bossard Pte Ltd,1395067,https://speta.org/membership-directory/corporate/1395067#page-member-ajax,SPETA Corporate Directory,2026-01-14
Broadway Industrial Group Limited,1395068,https://speta.org/membership-directory/corporate/1395068#page-member-ajax,SPETA Corporate Directory,2026-01-14
Bufab Singapore (SEA) Pte Ltd,1395248,https://speta.org/membership-directory/corporate/1395248#page-member-ajax,SPETA Corporate Directory,2026-01-14
Business Engineering Solutions Pte Ltd,2832307,https://speta.org/membership-directory/corporate/2832307#page-member-ajax,SPETA Corporate Directory,2026-01-14
C&W ELECTRONICS PTE LTD,1395069,https://speta.org/membership-directory/corporate/1395069#page-member-ajax,SPETA Corporate Directory,2026-01-14
Cadvision Systems Pte Ltd,1395070,https://speta.org/membership-directory/corporate/1395070#page-member-ajax,SPETA Corporate Directory,2026-01-14
Cairnhill Metrology Pte Ltd,1395071,https://speta.org/membership-directory/corporate/1395071#page-member-ajax,SPETA Corporate Directory,2026-01-14
Cam Resources Pte Ltd,1395072,https://speta.org/membership-directory/corporate/1395072#page-member-ajax,SPETA Corporate Directory,2026-01-14
Carleton Precision Pte Ltd,2042753,https://speta.org/membership-directory/corporate/2042753#page-member-ajax,SPETA Corporate Directory,2026-01-14
Castor & Wheel Singapore Pte Ltd,1395074,https://speta.org/membership-directory/corporate/1395074#page-member-ajax,SPETA Corporate Directory,2026-01-14
Certact Engineering Pte Ltd,1395076,https://speta.org/membership-directory/corporate/1395076#page-member-ajax,SPETA Corporate Directory,2026-01-14
CF Global Technologies Pte Ltd,1401283,https://speta.org/membership-directory/corporate/1401283#page-member-ajax,SPETA Corporate Directory,2026-01-14
Champion Precision Engineering Pte Ltd,1395077,https://speta.org/membership-directory/corporate/1395077#page-member-ajax,SPETA Corporate Directory,2026-01-14
Chemtron Pte Ltd,1395078,https://speta.org/membership-directory/corporate/1395078#page-member-ajax,SPETA Corporate Directory,2026-01-14
Chong Fong Engineering Pte Ltd,1395080,https://speta.org/membership-directory/corporate/1395080#page-member-ajax,SPETA Corporate Directory,2026-01-14
CKE Manufacturing Pte Ltd,1395082,https://speta.org/membership-directory/corporate/1395082#page-member-ajax,SPETA Corporate Directory,2026-01-14
COMFORT MANAGEMENT PTE LTD,1401242,https://speta.org/membership-directory/corporate/1401242#page-member-ajax,SPETA Corporate Directory,2026-01-14
Common Alliance Engineering Pte Ltd,1395083,https://speta.org/membership-directory/corporate/1395083#page-member-ajax,SPETA Corporate Directory,2026-01-14
Component Technology Pte Ltd,1676739,https://speta.org/membership-directory/corporate/1676739#page-member-ajax,SPETA Corporate Directory,2026-01-14
Coway Engineering & Marketing Pte Ltd,1395084,https://speta.org/membership-directory/corporate/1395084#page-member-ajax,SPETA Corporate Directory,2026-01-14
Cragar Industries Pte Ltd,1395085,https://speta.org/membership-directory/corporate/1395085#page-member-ajax,SPETA Corporate Directory,2026-01-14
Creatz3D Pte Ltd,1395086,https://speta.org/membership-directory/corporate/1395086#page-member-ajax,SPETA Corporate Directory,2026-01-14
D & H PRECISION TOOLS PTE. LTD.,2144580,https://speta.org/membership-directory/corporate/2144580#page-member-ajax,SPETA Corporate Directory,2026-01-14
Daido DMS (Singapore) Pte Ltd,1395087,https://speta.org/membership-directory/corporate/1395087#page-member-ajax,SPETA Corporate Directory,2026-01-14
Decomet Metal Finishing Pte Ltd,1395089,https://speta.org/membership-directory/corporate/1395089#page-member-ajax,SPETA Corporate Directory,2026-01-14
Decor Industries Pte Ltd,1395090,https://speta.org/membership-directory/corporate/1395090#page-member-ajax,SPETA Corporate Directory,2026-01-14
DELSSON SINGAPORE PTE LTD,2026021,https://speta.org/membership-directory/corporate/2026021#page-member-ajax,SPETA Corporate Directory,2026-01-14
Delta Optics Technologies Pte Ltd,1395093,https://speta.org/membership-directory/corporate/1395093#page-member-ajax,SPETA Corporate Directory,2026-01-14
Disk Precision Industries Pte Ltd,1395096,https://speta.org/membership-directory/corporate/1395096#page-member-ajax,SPETA Corporate Directory,2026-01-14
DKSH Singapore Pte Ltd,1395098,https://speta.org/membership-directory/corporate/1395098#page-member-ajax,SPETA Corporate Directory,2026-01-14
Dou Yee Enterprises (S) Pte Ltd,2128844,https://speta.org/membership-directory/corporate/2128844#page-member-ajax,SPETA Corporate Directory,2026-01-14
DSC INDUSTRIAL PTE LTD,2410875,https://speta.org/membership-directory/corporate/2410875#page-member-ajax,SPETA Corporate Directory,2026-01-14
E-Star Precision (S) Pte Ltd,1395107,https://speta.org/membership-directory/corporate/1395107#page-member-ajax,SPETA Corporate Directory,2026-01-14
EcoPlus International Pte Ltd,1395079,https://speta.org/membership-directory/corporate/1395079#page-member-ajax,SPETA Corporate Directory,2026-01-14
Edmund Optics Singapore Pte Ltd,1395099,https://speta.org/membership-directory/corporate/1395099#page-member-ajax,SPETA Corporate Directory,2026-01-14
EKTech Industrial Pte Ltd,1440041,https://speta.org/membership-directory/corporate/1440041#page-member-ajax,SPETA Corporate Directory,2026-01-14
ELH TECH (S) PTE LTD,2959481,https://speta.org/membership-directory/corporate/2959481#page-member-ajax,SPETA Corporate Directory,2026-01-14
Elite Springs Pte Ltd,1395101,https://speta.org/membership-directory/corporate/1395101#page-member-ajax,SPETA Corporate Directory,2026-01-14
Energy Pipeline Services Private Limited,1395103,https://speta.org/membership-directory/corporate/1395103#page-member-ajax,SPETA Corporate Directory,2026-01-14
Engis Asia Pacific Pte Ltd,1395104,https://speta.org/membership-directory/corporate/1395104#page-member-ajax,SPETA Corporate Directory,2026-01-14
EPICOR SOFTWARE (SEA) PTE LTD,1401244,https://speta.org/membership-directory/corporate/1401244#page-member-ajax,SPETA Corporate Directory,2026-01-14
Eratech Pte Ltd,1395105,https://speta.org/membership-directory/corporate/1395105#page-member-ajax,SPETA Corporate Directory,2026-01-14
Erowa South East Asia Pte Ltd,1395106,https://speta.org/membership-directory/corporate/1395106#page-member-ajax,SPETA Corporate Directory,2026-01-14
ETLA Limited,1395108,https://speta.org/membership-directory/corporate/1395108#page-member-ajax,SPETA Corporate Directory,2026-01-14
Eye-2-Eye Communications Pte Ltd,1395109,https://speta.org/membership-directory/corporate/1395109#page-member-ajax,SPETA Corporate Directory,2026-01-14
Falcon Automation and Integrations Pte Ltd,1697765,https://speta.org/membership-directory/corporate/1697765#page-member-ajax,SPETA Corporate Directory,2026-01-14
Fanuc Singapore Pte Ltd,1395163,https://speta.org/membership-directory/corporate/1395163#page-member-ajax,SPETA Corporate Directory,2026-01-14
FI GROUP,1401286,https://speta.org/membership-directory/corporate/1401286#page-member-ajax,SPETA Corporate Directory,2026-01-14
Finest Technologies Pte Ltd,1395166,https://speta.org/membership-directory/corporate/1395166#page-member-ajax,SPETA Corporate Directory,2026-01-14
Finmark Laser Pte Ltd,1395167,https://speta.org/membership-directory/corporate/1395167#page-member-ajax,SPETA Corporate Directory,2026-01-14
FIRE ARMOUR PTE LTD,1395168,https://speta.org/membership-directory/corporate/1395168#page-member-ajax,SPETA Corporate Directory,2026-01-14
Firetronics Pte Ltd,1395169,https://speta.org/membership-directory/corporate/1395169#page-member-ajax,SPETA Corporate Directory,2026-01-14
Fitson Singapore Pte Ltd,1395170,https://speta.org/membership-directory/corporate/1395170#page-member-ajax,SPETA Corporate Directory,2026-01-14
Flexspeed Technology Pte Ltd,1395171,https://speta.org/membership-directory/corporate/1395171#page-member-ajax,SPETA Corporate Directory,2026-01-14
Foamtec (Singapore) Pte Ltd,1395172,https://speta.org/membership-directory/corporate/1395172#page-member-ajax,SPETA Corporate Directory,2026-01-14
Fong Lee Metal Industries Pte Ltd,1395173,https://speta.org/membership-directory/corporate/1395173#page-member-ajax,SPETA Corporate Directory,2026-01-14
Fong's Engineering and Manufacturing Pte Ltd,1395174,https://speta.org/membership-directory/corporate/1395174#page-member-ajax,SPETA Corporate Directory,2026-01-14
Forefront Additive Manufacturing Pte Ltd,1395175,https://speta.org/membership-directory/corporate/1395175#page-member-ajax,SPETA Corporate Directory,2026-01-14
Forefront Medical Investment Pte Ltd,1395176,https://speta.org/membership-directory/corporate/1395176#page-member-ajax,SPETA Corporate Directory,2026-01-14
Formative Tech Pte Ltd,1395177,https://speta.org/membership-directory/corporate/1395177#page-member-ajax,SPETA Corporate Directory,2026-01-14
FSM Technology Pte Ltd,1395178,https://speta.org/membership-directory/corporate/1395178#page-member-ajax,SPETA Corporate Directory,2026-01-14
Fu Yu Corporation Ltd,1395179,https://speta.org/membership-directory/corporate/1395179#page-member-ajax,SPETA Corporate Directory,2026-01-14
GD Precision Pte Ltd,1395181,https://speta.org/membership-directory/corporate/1395181#page-member-ajax,SPETA Corporate Directory,2026-01-14
Giken Sakata (S) Limited,1395182,https://speta.org/membership-directory/corporate/1395182#page-member-ajax,SPETA Corporate Directory,2026-01-14
Global Advanced-Tech (S) Pte Ltd,1676748,https://speta.org/membership-directory/corporate/1676748#page-member-ajax,SPETA Corporate Directory,2026-01-14
Global Business Chambers,2502806,https://speta.org/membership-directory/corporate/2502806#page-member-ajax,SPETA Corporate Directory,2026-01-14
Globaltronic Bio-Tech Precision (PTE Ltd),1395183,https://speta.org/membership-directory/corporate/1395183#page-member-ajax,SPETA Corporate Directory,2026-01-14
GMET International Pte Ltd,1395184,https://speta.org/membership-directory/corporate/1395184#page-member-ajax,SPETA Corporate Directory,2026-01-14
GP Manufacturing (S) Pte Ltd,1395185,https://speta.org/membership-directory/corporate/1395185#page-member-ajax,SPETA Corporate Directory,2026-01-14
Grand Advance Technologies Pte Ltd,1395186,https://speta.org/membership-directory/corporate/1395186#page-member-ajax,SPETA Corporate Directory,2026-01-14
Grand Venture Technology Limited,1395187,https://speta.org/membership-directory/corporate/1395187#page-member-ajax,SPETA Corporate Directory,2026-01-14
GROUND & SHARP PRECISION ENGRG PTE LTD,1395188,https://speta.org/membership-directory/corporate/1395188#page-member-ajax,SPETA Corporate Directory,2026-01-14
GS Precision Pte Ltd,1395190,https://speta.org/membership-directory/corporate/1395190#page-member-ajax,SPETA Corporate Directory,2026-01-14
Guan Lee Hardware Pte Ltd,1395191,https://speta.org/membership-directory/corporate/1395191#page-member-ajax,SPETA Corporate Directory,2026-01-14
Guan Tat Precision Tooling Pte Ltd,2318969,https://speta.org/membership-directory/corporate/2318969#page-member-ajax,SPETA Corporate Directory,2026-01-14
Guardian Facility Services Pte Ltd,2078152,https://speta.org/membership-directory/corporate/2078152#page-member-ajax,SPETA Corporate Directory,2026-01-14
Haimer Singapore Pte Ltd,1395192,https://speta.org/membership-directory/corporate/1395192#page-member-ajax,SPETA Corporate Directory,2026-01-14
Haoyang Technology Pte Ltd,1395193,https://speta.org/membership-directory/corporate/1395193#page-member-ajax,SPETA Corporate Directory,2026-01-14
HASCO SINGAPORE (PTE) LTD,1395194,https://speta.org/membership-directory/corporate/1395194#page-member-ajax,SPETA Corporate Directory,2026-01-14
Hayer Engineering,1882430,https://speta.org/membership-directory/corporate/1882430#page-member-ajax,SPETA Corporate Directory,2026-01-14
Henko Machine Tools Pte Ltd,1395196,https://speta.org/membership-directory/corporate/1395196#page-member-ajax,SPETA Corporate Directory,2026-01-14
Hexagon Metrology Asia Pacific Pte Ltd,1395197,https://speta.org/membership-directory/corporate/1395197#page-member-ajax,SPETA Corporate Directory,2026-01-14
HH Stainless Pte Ltd,1401285,https://speta.org/membership-directory/corporate/1401285#page-member-ajax,SPETA Corporate Directory,2026-01-14
Hispec Machine & Tools,1395198,https://speta.org/membership-directory/corporate/1395198#page-member-ajax,SPETA Corporate Directory,2026-01-14
Hitech Heat Treatment Services Pte Ltd,1395199,https://speta.org/membership-directory/corporate/1395199#page-member-ajax,SPETA Corporate Directory,2026-01-14
Hong Leong Bank,1674013,https://speta.org/membership-directory/corporate/1674013#page-member-ajax,SPETA Corporate Directory,2026-01-14
Hui Hong Engrg Pte Ltd,1395202,https://speta.org/membership-directory/corporate/1395202#page-member-ajax,SPETA Corporate Directory,2026-01-14
Hui Huang Technology Pte Ltd,1395203,https://speta.org/membership-directory/corporate/1395203#page-member-ajax,SPETA Corporate Directory,2026-01-14
HURCO (S.E.ASIA) PTE LTD,1395204,https://speta.org/membership-directory/corporate/1395204#page-member-ajax,SPETA Corporate Directory,2026-01-14
Hwacheon Asia Pacific Pte Ltd,1395205,https://speta.org/membership-directory/corporate/1395205#page-member-ajax,SPETA Corporate Directory,2026-01-14
HYPERION MATERIALS & TECHNOLOGIES SEA PTE. LTD.,3063956,https://speta.org/membership-directory/corporate/3063956#page-member-ajax,SPETA Corporate Directory,2026-01-14
i4TECH PTE LTD,2037504,https://speta.org/membership-directory/corporate/2037504#page-member-ajax,SPETA Corporate Directory,2026-01-14
Ichi Seiki Pte Ltd,1395208,https://speta.org/membership-directory/corporate/1395208#page-member-ajax,SPETA Corporate Directory,2026-01-14
IDI LASER SERVICES PTE LTD,1395209,https://speta.org/membership-directory/corporate/1395209#page-member-ajax,SPETA Corporate Directory,2026-01-14
IDS Science and Technology Pte. Ltd.,2969612,https://speta.org/membership-directory/corporate/2969612#page-member-ajax,SPETA Corporate Directory,2026-01-14
IEG Oilfield Services Pte Ltd (Singapore),1395210,https://speta.org/membership-directory/corporate/1395210#page-member-ajax,SPETA Corporate Directory,2026-01-14
Innovalues Holdings Pte Ltd,1395212,https://speta.org/membership-directory/corporate/1395212#page-member-ajax,SPETA Corporate Directory,2026-01-14
Insphere Technology Pte Ltd,2195929,https://speta.org/membership-directory/corporate/2195929#page-member-ajax,SPETA Corporate Directory,2026-01-14
Intec Precision Equipment Pte Ltd,1395213,https://speta.org/membership-directory/corporate/1395213#page-member-ajax,SPETA Corporate Directory,2026-01-14
IPI,1401262,https://speta.org/membership-directory/corporate/1401262#page-member-ajax,SPETA Corporate Directory,2026-01-14
iPlast 4.0 Pte Ltd,2324474,https://speta.org/membership-directory/corporate/2324474#page-member-ajax,SPETA Corporate Directory,2026-01-14
ISENSE-ASV PTE LTD,2135273,https://speta.org/membership-directory/corporate/2135273#page-member-ajax,SPETA Corporate Directory,2026-01-14
JCS – ECHIGO PTE LTD,1395214,https://speta.org/membership-directory/corporate/1395214#page-member-ajax,SPETA Corporate Directory,2026-01-14
JF Strategic Management Pte Ltd,1395216,https://speta.org/membership-directory/corporate/1395216#page-member-ajax,SPETA Corporate Directory,2026-01-14
JM VISTEC SYSTEM PTE LTD,1395215,https://speta.org/membership-directory/corporate/1395215#page-member-ajax,SPETA Corporate Directory,2026-01-14
jMedtech Coating Technologies Pte Ltd,1395217,https://speta.org/membership-directory/corporate/1395217#page-member-ajax,SPETA Corporate Directory,2026-01-14
jMedtech Pte Ltd,2771371,https://speta.org/membership-directory/corporate/2771371#page-member-ajax,SPETA Corporate Directory,2026-01-14
JTC Corporation,1401282,https://speta.org/membership-directory/corporate/1401282#page-member-ajax,SPETA Corporate Directory,2026-01-14
Jungberg Technologies Pte Ltd,1395219,https://speta.org/membership-directory/corporate/1395219#page-member-ajax,SPETA Corporate Directory,2026-01-14
KA SHIN TECHNOLOGIES (S) PTE LTD,1395241,https://speta.org/membership-directory/corporate/1395241#page-member-ajax,SPETA Corporate Directory,2026-01-14
Kah Lam Hardware Engineering Pte Ltd,3020509,https://speta.org/membership-directory/corporate/3020509#page-member-ajax,SPETA Corporate Directory,2026-01-14
Kay Kay Plastic Industries Pte Ltd,1395242,https://speta.org/membership-directory/corporate/1395242#page-member-ajax,SPETA Corporate Directory,2026-01-14
KBG Contract Machining Pte Ltd,1395243,https://speta.org/membership-directory/corporate/1395243#page-member-ajax,SPETA Corporate Directory,2026-01-14
Kei & Wah Engineering Pte Ltd,1395244,https://speta.org/membership-directory/corporate/1395244#page-member-ajax,SPETA Corporate Directory,2026-01-14
Kemet Far East Pte Ltd,1395245,https://speta.org/membership-directory/corporate/1395245#page-member-ajax,SPETA Corporate Directory,2026-01-14
KEYSTONE CABLE (S) PTE LTD,1395247,https://speta.org/membership-directory/corporate/1395247#page-member-ajax,SPETA Corporate Directory,2026-01-14
Kim Ann Engineering Pte Ltd,1395249,https://speta.org/membership-directory/corporate/1395249#page-member-ajax,SPETA Corporate Directory,2026-01-14
Kinergy Corporation Ltd,1395250,https://speta.org/membership-directory/corporate/1395250#page-member-ajax,SPETA Corporate Directory,2026-01-14
KMS Industrial (1997) Pte Ltd,1676730,https://speta.org/membership-directory/corporate/1676730#page-member-ajax,SPETA Corporate Directory,2026-01-14
Knight Auto Precision Engineering Pte Ltd,1395251,https://speta.org/membership-directory/corporate/1395251#page-member-ajax,SPETA Corporate Directory,2026-01-14
Knust-SBD Pte Ltd,1395252,https://speta.org/membership-directory/corporate/1395252#page-member-ajax,SPETA Corporate Directory,2026-01-14
Kong Shiang Engineering Pte Ltd,2842401,https://speta.org/membership-directory/corporate/2842401#page-member-ajax,SPETA Corporate Directory,2026-01-14
Konica Minolta Business Solutions Asia,1395253,https://speta.org/membership-directory/corporate/1395253#page-member-ajax,SPETA Corporate Directory,2026-01-14
KS Flow Control Pte Ltd,1395254,https://speta.org/membership-directory/corporate/1395254#page-member-ajax,SPETA Corporate Directory,2026-01-14
KY Sub-Assembly Engineering Pte Ltd,2872208,https://speta.org/membership-directory/corporate/2872208#page-member-ajax,SPETA Corporate Directory,2026-01-14
LE-PLUS SOLUTIONS PTE. LTD.,1959932,https://speta.org/membership-directory/corporate/1959932#page-member-ajax,SPETA Corporate Directory,2026-01-14
LFC PTE. LTD.,1825191,https://speta.org/membership-directory/corporate/1825191#page-member-ajax,SPETA Corporate Directory,2026-01-14
Lingjack Engineering Works Pte Ltd,1395256,https://speta.org/membership-directory/corporate/1395256#page-member-ajax,SPETA Corporate Directory,2026-01-14
LKH Precicon Pte Ltd,1395258,https://speta.org/membership-directory/corporate/1395258#page-member-ajax,SPETA Corporate Directory,2026-01-14
M&D PRECISION TECHNOLOGY PTE LTD,1395259,https://speta.org/membership-directory/corporate/1395259#page-member-ajax,SPETA Corporate Directory,2026-01-14
MAGMA ENGINEERING ASIA-PACIFIC PTE LTD,1395260,https://speta.org/membership-directory/corporate/1395260#page-member-ajax,SPETA Corporate Directory,2026-01-14
MAGNA PRECISION ENGINEERING (S) PTE LTD,1395261,https://speta.org/membership-directory/corporate/1395261#page-member-ajax,SPETA Corporate Directory,2026-01-14
MAHA CHEMICALS (ASIA) PTE LTD,1401288,https://speta.org/membership-directory/corporate/1401288#page-member-ajax,SPETA Corporate Directory,2026-01-14
Makino Asia Pte Ltd,1395262,https://speta.org/membership-directory/corporate/1395262#page-member-ajax,SPETA Corporate Directory,2026-01-14
Mapletree Facilities Services Pte Ltd,1401264,https://speta.org/membership-directory/corporate/1401264#page-member-ajax,SPETA Corporate Directory,2026-01-14
Masterseals Int Pte Ltd,1395264,https://speta.org/membership-directory/corporate/1395264#page-member-ajax,SPETA Corporate Directory,2026-01-14
Maybank Singapore,2931963,https://speta.org/membership-directory/corporate/2931963#page-member-ajax,SPETA Corporate Directory,2026-01-14
MCKINSEY & CO,1401266,https://speta.org/membership-directory/corporate/1401266#page-member-ajax,SPETA Corporate Directory,2026-01-14
MDA CONSULTANCY PTE LTD,3024640,https://speta.org/membership-directory/corporate/3024640#page-member-ajax,SPETA Corporate Directory,2026-01-14
MegaNet Pte Ltd,1504194,https://speta.org/membership-directory/corporate/1504194#page-member-ajax,SPETA Corporate Directory,2026-01-14
Megapac Manufacturing Pte Ltd,1440043,https://speta.org/membership-directory/corporate/1440043#page-member-ajax,SPETA Corporate Directory,2026-01-14
Meiban Technology Pte Ltd,1395265,https://speta.org/membership-directory/corporate/1395265#page-member-ajax,SPETA Corporate Directory,2026-01-14
MERIDIONALE IMPIANTI SINGAPORE PTE LTD,2043952,https://speta.org/membership-directory/corporate/2043952#page-member-ajax,SPETA Corporate Directory,2026-01-14
Messe Düsseldorf Asia Pte Ltd,2524371,https://speta.org/membership-directory/corporate/2524371#page-member-ajax,SPETA Corporate Directory,2026-01-14
Metalcool Pte Ltd,1395267,https://speta.org/membership-directory/corporate/1395267#page-member-ajax,SPETA Corporate Directory,2026-01-14
Micro-Mechanics Pte Ltd,1420384,https://speta.org/membership-directory/corporate/1420384#page-member-ajax,SPETA Corporate Directory,2026-01-14
Mieux Pte Ltd,2410888,https://speta.org/membership-directory/corporate/2410888#page-member-ajax,SPETA Corporate Directory,2026-01-14
MITSUBISHI ELECTRIC ASIA PTE LTD,1395270,https://speta.org/membership-directory/corporate/1395270#page-member-ajax,SPETA Corporate Directory,2026-01-14
Mitutoyo Asia Pacific Pte Ltd,1395271,https://speta.org/membership-directory/corporate/1395271#page-member-ajax,SPETA Corporate Directory,2026-01-14
ML Tech Pte Ltd,1395272,https://speta.org/membership-directory/corporate/1395272#page-member-ajax,SPETA Corporate Directory,2026-01-14
MMI HOLDINGS LIMITED,1395273,https://speta.org/membership-directory/corporate/1395273#page-member-ajax,SPETA Corporate Directory,2026-01-14
MOLYWORKS MATERIALS PTE LTD,1395274,https://speta.org/membership-directory/corporate/1395274#page-member-ajax,SPETA Corporate Directory,2026-01-14
MONITOR ERP SYSTEM SOUTHEAST ASIA PTE LTD,1440101,https://speta.org/membership-directory/corporate/1440101#page-member-ajax,SPETA Corporate Directory,2026-01-14
MPDV Asia Pte Ltd,1401267,https://speta.org/membership-directory/corporate/1401267#page-member-ajax,SPETA Corporate Directory,2026-01-14
MSV Systems & Services Pte Ltd,2586690,https://speta.org/membership-directory/corporate/2586690#page-member-ajax,SPETA Corporate Directory,2026-01-14
Multi Plas System Engineering,2781444,https://speta.org/membership-directory/corporate/2781444#page-member-ajax,SPETA Corporate Directory,2026-01-14
Nah Industries,1395275,https://speta.org/membership-directory/corporate/1395275#page-member-ajax,SPETA Corporate Directory,2026-01-14
Nanowall technology Pte Ltd,2581873,https://speta.org/membership-directory/corporate/2581873#page-member-ajax,SPETA Corporate Directory,2026-01-14
Nanyang Polytechnic,1401268,https://speta.org/membership-directory/corporate/1401268#page-member-ajax,SPETA Corporate Directory,2026-01-14
NaviWorld Singapore Pte. Ltd.,1898766,https://speta.org/membership-directory/corporate/1898766#page-member-ajax,SPETA Corporate Directory,2026-01-14
NEPTRIX PTE LTD,1401246,https://speta.org/membership-directory/corporate/1401246#page-member-ajax,SPETA Corporate Directory,2026-01-14
NETMARKS SINGAPORE PTE LTD,2053877,https://speta.org/membership-directory/corporate/2053877#page-member-ajax,SPETA Corporate Directory,2026-01-14
Neuphonix Technology Pte. Ltd.,2151399,https://speta.org/membership-directory/corporate/2151399#page-member-ajax,SPETA Corporate Directory,2026-01-14
Newport Opto-Electronics Technologies (Singapore) Pte Ltd,1964743,https://speta.org/membership-directory/corporate/1964743#page-member-ajax,SPETA Corporate Directory,2026-01-14
Nexus MGT International Pte Ltd,2582086,https://speta.org/membership-directory/corporate/2582086#page-member-ajax,SPETA Corporate Directory,2026-01-14
Nicomatic Pte Ltd,1994164,https://speta.org/membership-directory/corporate/1994164#page-member-ajax,SPETA Corporate Directory,2026-01-14
NOBLE ENGINEERING VENTURES PTE LTD,1395278,https://speta.org/membership-directory/corporate/1395278#page-member-ajax,SPETA Corporate Directory,2026-01-14
Novo Tellus Capital Partners,1505863,https://speta.org/membership-directory/corporate/1505863#page-member-ajax,SPETA Corporate Directory,2026-01-14
NTU (NTU Entrepreneurship Academy),2141769,https://speta.org/membership-directory/corporate/2141769#page-member-ajax,SPETA Corporate Directory,2026-01-14
NVT Technology Pte Ltd,1395280,https://speta.org/membership-directory/corporate/1395280#page-member-ajax,SPETA Corporate Directory,2026-01-14
O2 NETWORK PTE LTD,2218258,https://speta.org/membership-directory/corporate/2218258#page-member-ajax,SPETA Corporate Directory,2026-01-14
Odyssey Technical Solutions (Singapore) Pte Ltd,1895817,https://speta.org/membership-directory/corporate/1895817#page-member-ajax,SPETA Corporate Directory,2026-01-14
Oilfield Services & Supplies Pte Ltd,1395281,https://speta.org/membership-directory/corporate/1395281#page-member-ajax,SPETA Corporate Directory,2026-01-14
OKAMOTO (SINGAPORE) PTE LTD,1395282,https://speta.org/membership-directory/corporate/1395282#page-member-ajax,SPETA Corporate Directory,2026-01-14
OMNI-PLUS SYSTEMS ELECTRIC LIMITED,1395283,https://speta.org/membership-directory/corporate/1395283#page-member-ajax,SPETA Corporate Directory,2026-01-14
Onn Wah Precision Engineering Pte Ltd,1395285,https://speta.org/membership-directory/corporate/1395285#page-member-ajax,SPETA Corporate Directory,2026-01-14
Optical Gaging (S) Pte Ltd,1395286,https://speta.org/membership-directory/corporate/1395286#page-member-ajax,SPETA Corporate Directory,2026-01-14
OPTICS AND PHOTONICS SOCIETY OF SINGAPORE,1373275,https://speta.org/membership-directory/corporate/1373275#page-member-ajax,SPETA Corporate Directory,2026-01-14
Optosigma Southeast Asia Pte Ltd,1395287,https://speta.org/membership-directory/corporate/1395287#page-member-ajax,SPETA Corporate Directory,2026-01-14
Panbil Property Pte Ltd,2177958,https://speta.org/membership-directory/corporate/2177958#page-member-ajax,SPETA Corporate Directory,2026-01-14
PERFECT TEAM ENGINEERING PTE LTD,1395289,https://speta.org/membership-directory/corporate/1395289#page-member-ajax,SPETA Corporate Directory,2026-01-14
Perfect Technology (S) Pte Ltd,1395290,https://speta.org/membership-directory/corporate/1395290#page-member-ajax,SPETA Corporate Directory,2026-01-14
Permenpronic Technologies Pte Ltd,1395291,https://speta.org/membership-directory/corporate/1395291#page-member-ajax,SPETA Corporate Directory,2026-01-14
Pew-Laserweld Pte Ltd,2748587,https://speta.org/membership-directory/corporate/2748587#page-member-ajax,SPETA Corporate Directory,2026-01-14
PHAOS TECHNOLOGY PTE LTD,1401247,https://speta.org/membership-directory/corporate/1401247#page-member-ajax,SPETA Corporate Directory,2026-01-14
Plast Plastics Pte Ltd,2487679,https://speta.org/membership-directory/corporate/2487679#page-member-ajax,SPETA Corporate Directory,2026-01-14
PLC Industries Pte Ltd,1437593,https://speta.org/membership-directory/corporate/1437593#page-member-ajax,SPETA Corporate Directory,2026-01-14
Precision Technologies Pte Ltd,2755425,https://speta.org/membership-directory/corporate/2755425#page-member-ajax,SPETA Corporate Directory,2026-01-14
PrimeMovers Equity (S) Pte. Ltd.,1505864,https://speta.org/membership-directory/corporate/1505864#page-member-ajax,SPETA Corporate Directory,2026-01-14
Production Link Pte Ltd,1395294,https://speta.org/membership-directory/corporate/1395294#page-member-ajax,SPETA Corporate Directory,2026-01-14
QIAN CHENG TECHNOLOGY PTE LTD,1989033,https://speta.org/membership-directory/corporate/1989033#page-member-ajax,SPETA Corporate Directory,2026-01-14
Quantum Machine Tools Pte Ltd,1395297,https://speta.org/membership-directory/corporate/1395297#page-member-ajax,SPETA Corporate Directory,2026-01-14
Racer Technology Pte Ltd,1395298,https://speta.org/membership-directory/corporate/1395298#page-member-ajax,SPETA Corporate Directory,2026-01-14
Renishaw (Singapore) Pte Ltd,1395299,https://speta.org/membership-directory/corporate/1395299#page-member-ajax,SPETA Corporate Directory,2026-01-14
Republic Polytechnic,1401272,https://speta.org/membership-directory/corporate/1401272#page-member-ajax,SPETA Corporate Directory,2026-01-14
Richport Technology Pte Ltd,1395302,https://speta.org/membership-directory/corporate/1395302#page-member-ajax,SPETA Corporate Directory,2026-01-14
Ricoh (Singapore) Pte Ltd,2061182,https://speta.org/membership-directory/corporate/2061182#page-member-ajax,SPETA Corporate Directory,2026-01-14
Rising Technologies Pte Ltd,1401287,https://speta.org/membership-directory/corporate/1401287#page-member-ajax,SPETA Corporate Directory,2026-01-14
RMZ Oilfield Engineering Pte Ltd,1395303,https://speta.org/membership-directory/corporate/1395303#page-member-ajax,SPETA Corporate Directory,2026-01-14
Royal Bussan Singapore Pte Ltd,1395305,https://speta.org/membership-directory/corporate/1395305#page-member-ajax,SPETA Corporate Directory,2026-01-14
RSM SF Consulting Pte Ltd,1401274,https://speta.org/membership-directory/corporate/1401274#page-member-ajax,SPETA Corporate Directory,2026-01-14
Sakura Tech (S) Pte Ltd,1395307,https://speta.org/membership-directory/corporate/1395307#page-member-ajax,SPETA Corporate Directory,2026-01-14
Salestrade Corporation (S) Pte Ltd,1650070,https://speta.org/membership-directory/corporate/1650070#page-member-ajax,SPETA Corporate Directory,2026-01-14
SANDS BOSUM BUSINESS PTE. LTD.,2698857,https://speta.org/membership-directory/corporate/2698857#page-member-ajax,SPETA Corporate Directory,2026-01-14
Sanwa Plastic Industry Pte Ltd,1395308,https://speta.org/membership-directory/corporate/1395308#page-member-ajax,SPETA Corporate Directory,2026-01-14
SAPPHIRE WINDOWS PTE LTD,1625542,https://speta.org/membership-directory/corporate/1625542#page-member-ajax,SPETA Corporate Directory,2026-01-14
Savcos Automation Pte Ltd,1395309,https://speta.org/membership-directory/corporate/1395309#page-member-ajax,SPETA Corporate Directory,2026-01-14
Schneider Electric Singapore Pte Ltd.,1395311,https://speta.org/membership-directory/corporate/1395311#page-member-ajax,SPETA Corporate Directory,2026-01-14
Schunk Intec Pte Ltd,1395312,https://speta.org/membership-directory/corporate/1395312#page-member-ajax,SPETA Corporate Directory,2026-01-14
SCIMEX PRECISION ENGINEERING & TRADING,1395313,https://speta.org/membership-directory/corporate/1395313#page-member-ajax,SPETA Corporate Directory,2026-01-14
Sei Woo Polymer Technologies Pte Ltd,1395315,https://speta.org/membership-directory/corporate/1395315#page-member-ajax,SPETA Corporate Directory,2026-01-14
SEM MATIC (S) PTE. LTD.,3049961,https://speta.org/membership-directory/corporate/3049961#page-member-ajax,SPETA Corporate Directory,2026-01-14
Seoul Precision Pte. Ltd.,1578639,https://speta.org/membership-directory/corporate/1578639#page-member-ajax,SPETA Corporate Directory,2026-01-14
Sesto Robotics,1395316,https://speta.org/membership-directory/corporate/1395316#page-member-ajax,SPETA Corporate Directory,2026-01-14
Shin Seiki Pte Ltd,2760574,https://speta.org/membership-directory/corporate/2760574#page-member-ajax,SPETA Corporate Directory,2026-01-14
Shine Precision Engineering Pte Ltd,1395318,https://speta.org/membership-directory/corporate/1395318#page-member-ajax,SPETA Corporate Directory,2026-01-14
Shonan Design (S) Pte Ltd,2748584,https://speta.org/membership-directory/corporate/2748584#page-member-ajax,SPETA Corporate Directory,2026-01-14
Siemens Pte Ltd,1395320,https://speta.org/membership-directory/corporate/1395320#page-member-ajax,SPETA Corporate Directory,2026-01-14
Sin Chew Woodpaq Pte Ltd,2590850,https://speta.org/membership-directory/corporate/2590850#page-member-ajax,SPETA Corporate Directory,2026-01-14
Singa Plastics Ltd,1395321,https://speta.org/membership-directory/corporate/1395321#page-member-ajax,SPETA Corporate Directory,2026-01-14
Singapore Exhibition Services Pte Ltd,1401278,https://speta.org/membership-directory/corporate/1401278#page-member-ajax,SPETA Corporate Directory,2026-01-14
SINGAPORE MACHINERY CO PTE LTD,1989196,https://speta.org/membership-directory/corporate/1989196#page-member-ajax,SPETA Corporate Directory,2026-01-14
SINGAPORE POLYTECHNIC,1401240,https://speta.org/membership-directory/corporate/1401240#page-member-ajax,SPETA Corporate Directory,2026-01-14
SINGAPORE SURFACE ENGINEERING ASSOCIATION,1373276,https://speta.org/membership-directory/corporate/1373276#page-member-ajax,SPETA Corporate Directory,2026-01-14
SINGAPORE SURFACE ENGINEERING ASSOCIATION,1373277,https://speta.org/membership-directory/corporate/1373277#page-member-ajax,SPETA Corporate Directory,2026-01-14
SINGAPORE-THAI CHAMBER OF COMMERCE,1373274,https://speta.org/membership-directory/corporate/1373274#page-member-ajax,SPETA Corporate Directory,2026-01-14
SL METALS PTE LTD,1401248,https://speta.org/membership-directory/corporate/1401248#page-member-ajax,SPETA Corporate Directory,2026-01-14
SMC Corporation (Singapore) Pte. Ltd.,2226998,https://speta.org/membership-directory/corporate/2226998#page-member-ajax,SPETA Corporate Directory,2026-01-14
SMT Innovax Pte Ltd,2666194,https://speta.org/membership-directory/corporate/2666194#page-member-ajax,SPETA Corporate Directory,2026-01-14
SMT Technology Pte Ltd,1395324,https://speta.org/membership-directory/corporate/1395324#page-member-ajax,SPETA Corporate Directory,2026-01-14
Soda Vision Pte Ltd,1654009,https://speta.org/membership-directory/corporate/1654009#page-member-ajax,SPETA Corporate Directory,2026-01-14
Sodick Singapore Pte Ltd,1395325,https://speta.org/membership-directory/corporate/1395325#page-member-ajax,SPETA Corporate Directory,2026-01-14
SP Manufacturing Pte Ltd,1395326,https://speta.org/membership-directory/corporate/1395326#page-member-ajax,SPETA Corporate Directory,2026-01-14
Speqs Manufacturing Pte Ltd,1395327,https://speta.org/membership-directory/corporate/1395327#page-member-ajax,SPETA Corporate Directory,2026-01-14
Spintec Engineering Pte Ltd,2652832,https://speta.org/membership-directory/corporate/2652832#page-member-ajax,SPETA Corporate Directory,2026-01-14
SQC Wire Mesh Pte Ltd,1676742,https://speta.org/membership-directory/corporate/1676742#page-member-ajax,SPETA Corporate Directory,2026-01-14
ST ENGINEERING LAND MRO & SERVICES PTE LTD,1395329,https://speta.org/membership-directory/corporate/1395329#page-member-ajax,SPETA Corporate Directory,2026-01-14
STAMFORD PRECISION TOOLS PTE LTD.,1395330,https://speta.org/membership-directory/corporate/1395330#page-member-ajax,SPETA Corporate Directory,2026-01-14
Starlight Tool Precision Engineering,1395331,https://speta.org/membership-directory/corporate/1395331#page-member-ajax,SPETA Corporate Directory,2026-01-14
Stenzo Pte Ltd,2748577,https://speta.org/membership-directory/corporate/2748577#page-member-ajax,SPETA Corporate Directory,2026-01-14
Sumitomo (SHI) Cyclo Drive Asia Pacific Pte Ltd,1395332,https://speta.org/membership-directory/corporate/1395332#page-member-ajax,SPETA Corporate Directory,2026-01-14
Sunningdale Tech Ltd,1395334,https://speta.org/membership-directory/corporate/1395334#page-member-ajax,SPETA Corporate Directory,2026-01-14
Sunyi Precision Engineering Pte Ltd,1395335,https://speta.org/membership-directory/corporate/1395335#page-member-ajax,SPETA Corporate Directory,2026-01-14
Swiss Steel Singapore Pte Ltd,1395337,https://speta.org/membership-directory/corporate/1395337#page-member-ajax,SPETA Corporate Directory,2026-01-14
Sys-Mac Automation Engineering Pte Ltd,1395338,https://speta.org/membership-directory/corporate/1395338#page-member-ajax,SPETA Corporate Directory,2026-01-14
TAI SIN ELECTRIC LIMITED,1395339,https://speta.org/membership-directory/corporate/1395339#page-member-ajax,SPETA Corporate Directory,2026-01-14
Taimaru Engineering Pte Ltd,1395340,https://speta.org/membership-directory/corporate/1395340#page-member-ajax,SPETA Corporate Directory,2026-01-14
TAIWAN MACHINE TOOL & ACCESSORY BUILDERS' ASSOCIATION (TMBA),1373271,https://speta.org/membership-directory/corporate/1373271#page-member-ajax,SPETA Corporate Directory,2026-01-14
Tang Hai Hardware Engineering Pte Ltd,3014063,https://speta.org/membership-directory/corporate/3014063#page-member-ajax,SPETA Corporate Directory,2026-01-14
TD&M Precision Tools Company Pte Ltd,1883632,https://speta.org/membership-directory/corporate/1883632#page-member-ajax,SPETA Corporate Directory,2026-01-14
TDS Technology (S) Pte Ltd,1395342,https://speta.org/membership-directory/corporate/1395342#page-member-ajax,SPETA Corporate Directory,2026-01-14
TE Connectivity,2179626,https://speta.org/membership-directory/corporate/2179626#page-member-ajax,SPETA Corporate Directory,2026-01-14
Techpro Precision Engineering Pte Ltd,1395344,https://speta.org/membership-directory/corporate/1395344#page-member-ajax,SPETA Corporate Directory,2026-01-14
TECHSTEEL FABRICATION PTE LTD,1395345,https://speta.org/membership-directory/corporate/1395345#page-member-ajax,SPETA Corporate Directory,2026-01-14
Techtown Pte Ltd,1395346,https://speta.org/membership-directory/corporate/1395346#page-member-ajax,SPETA Corporate Directory,2026-01-14
TecMaven Group Pte Ltd,1395347,https://speta.org/membership-directory/corporate/1395347#page-member-ajax,SPETA Corporate Directory,2026-01-14
TEMASEK POLYTECHNIC,1401241,https://speta.org/membership-directory/corporate/1401241#page-member-ajax,SPETA Corporate Directory,2026-01-14
Temperature Sensors Services Pte Ltd,1395348,https://speta.org/membership-directory/corporate/1395348#page-member-ajax,SPETA Corporate Directory,2026-01-14
"THE INSTITUTION OF ENGINEERS, SINGAPORE",1373272,https://speta.org/membership-directory/corporate/1373272#page-member-ajax,SPETA Corporate Directory,2026-01-14
TLG Technology Pte Ltd,2427723,https://speta.org/membership-directory/corporate/2427723#page-member-ajax,SPETA Corporate Directory,2026-01-14
Tokimeku Pte Ltd,1395350,https://speta.org/membership-directory/corporate/1395350#page-member-ajax,SPETA Corporate Directory,2026-01-14
TQC Precision Engineering Pte Ltd,1395352,https://speta.org/membership-directory/corporate/1395352#page-member-ajax,SPETA Corporate Directory,2026-01-14
TRANSYSTEM F.A. PTE LTD,1395354,https://speta.org/membership-directory/corporate/1395354#page-member-ajax,SPETA Corporate Directory,2026-01-14
Trend Technologies Singapore Pte Ltd,1425038,https://speta.org/membership-directory/corporate/1425038#page-member-ajax,SPETA Corporate Directory,2026-01-14
Tritan AMS Pte Ltd,1395091,https://speta.org/membership-directory/corporate/1395091#page-member-ajax,SPETA Corporate Directory,2026-01-14
Tru-Marine Pte Ltd,1395357,https://speta.org/membership-directory/corporate/1395357#page-member-ajax,SPETA Corporate Directory,2026-01-14
TRUMPF Pte Ltd,1834736,https://speta.org/membership-directory/corporate/1834736#page-member-ajax,SPETA Corporate Directory,2026-01-14
Turntech Precision Engineering Pte Ltd,1395358,https://speta.org/membership-directory/corporate/1395358#page-member-ajax,SPETA Corporate Directory,2026-01-14
UNI-CORP (SINGAPORE) PTE LTD,1395364,https://speta.org/membership-directory/corporate/1395364#page-member-ajax,SPETA Corporate Directory,2026-01-14
Union Steel Holdings Limited,1395365,https://speta.org/membership-directory/corporate/1395365#page-member-ajax,SPETA Corporate Directory,2026-01-14
Unique Precision Engineering Pte Ltd,1395366,https://speta.org/membership-directory/corporate/1395366#page-member-ajax,SPETA Corporate Directory,2026-01-14
Unisteel Technology Limited,1395368,https://speta.org/membership-directory/corporate/1395368#page-member-ajax,SPETA Corporate Directory,2026-01-14
Univac Precision Engineering Pte Ltd,1395370,https://speta.org/membership-directory/corporate/1395370#page-member-ajax,SPETA Corporate Directory,2026-01-14
Uniweld Products (USA) Pte Ltd,1395371,https://speta.org/membership-directory/corporate/1395371#page-member-ajax,SPETA Corporate Directory,2026-01-14
Validus Capital Pte. Ltd.,2571865,https://speta.org/membership-directory/corporate/2571865#page-member-ajax,SPETA Corporate Directory,2026-01-14
VDL ENABLING TECHNOLOGIES GROUP (SINGAPORE) PTE LTD,1395372,https://speta.org/membership-directory/corporate/1395372#page-member-ajax,SPETA Corporate Directory,2026-01-14
VIETNAM ASSOCIATION FOR SUPPORTING INDUSTEY (VASI),1373273,https://speta.org/membership-directory/corporate/1373273#page-member-ajax,SPETA Corporate Directory,2026-01-14
Vision Laser Pte Ltd,1395374,https://speta.org/membership-directory/corporate/1395374#page-member-ajax,SPETA Corporate Directory,2026-01-14
Vision One Pte Ltd,1395375,https://speta.org/membership-directory/corporate/1395375#page-member-ajax,SPETA Corporate Directory,2026-01-14
Walter AG Singapore Pte Ltd,1395377,https://speta.org/membership-directory/corporate/1395377#page-member-ajax,SPETA Corporate Directory,2026-01-14
Watson E.P. Industries Pte Ltd,1395378,https://speta.org/membership-directory/corporate/1395378#page-member-ajax,SPETA Corporate Directory,2026-01-14
Wavelength Opto-Electronic (s) Pte Ltd,1395379,https://speta.org/membership-directory/corporate/1395379#page-member-ajax,SPETA Corporate Directory,2026-01-14
We Are Perspective Pte Ltd,1395380,https://speta.org/membership-directory/corporate/1395380#page-member-ajax,SPETA Corporate Directory,2026-01-14
Wenzel Asia Pte Ltd,1395381,https://speta.org/membership-directory/corporate/1395381#page-member-ajax,SPETA Corporate Directory,2026-01-14
XC Trading Singapore Pte Ltd,1395383,https://speta.org/membership-directory/corporate/1395383#page-member-ajax,SPETA Corporate Directory,2026-01-14
XSQUARE Technologies Pte Ltd,1715081,https://speta.org/membership-directory/corporate/1715081#page-member-ajax,SPETA Corporate Directory,2026-01-14
Yamazaki Mazak Singapore Pte Ltd,1395384,https://speta.org/membership-directory/corporate/1395384#page-member-ajax,SPETA Corporate Directory,2026-01-14
Yamazen (Singapore) Pte Ltd,2039385,https://speta.org/membership-directory/corporate/2039385#page-member-ajax,SPETA Corporate Directory,2026-01-14
Yangbum Engineering Pte Ltd,1395385,https://speta.org/membership-directory/corporate/1395385#page-member-ajax,SPETA Corporate Directory,2026-01-14
Yeakin Plastic Industry Pte Ltd,1395386,https://speta.org/membership-directory/corporate/1395386#page-member-ajax,SPETA Corporate Directory,2026-01-14
YG-1 Tools Asia Pte Ltd,1395387,https://speta.org/membership-directory/corporate/1395387#page-member-ajax,SPETA Corporate Directory,2026-01-14
Yixin Precision Engineering Pte Ltd,1395388,https://speta.org/membership-directory/corporate/1395388#page-member-ajax,SPETA Corporate Directory,2026-01-14
ZEITO INTERNATIONAL PTE LTD,1401243,https://speta.org/membership-directory/corporate/1401243#page-member-ajax,SPETA Corporate Directory,2026-01-14
ZingURbiz Pte Ltd,2080550,https://speta.org/membership-directory/corporate/2080550#page-member-ajax,SPETA Corporate Directory,2026-01-14
3E Precision Pte Ltd,2239805,https://speta.org/membership-directory/corporate/2239805#page-member-ajax,SPETA Corporate Directory,2026-01-14
3N Chemplate Pte Ltd,1390323,https://speta.org/membership-directory/corporate/1390323#page-member-ajax,SPETA Corporate Directory,2026-01-14
